metric,n_total,n_finite,n_missing,mean,std,min,max,p5,p10,p25,p50,p75,p90,p95,percentiles_over_finite_values
NPV_COP,200,200,0,585177791.0099443,430328543.1107275,108340014.5870433,3191205828.8576093,166993948.43022883,201584494.37984422,293598222.823115,476490079.6059314,714272974.5115004,1140740800.021914,1348774112.037605,True
payback_years,200,200,0,4.6691666666666665,1.2912609577893661,2.75,11.666666666666666,3.1666666666666665,3.3333333333333335,3.8333333333333335,4.416666666666667,5.083333333333333,6.266666666666666,7.00833333333333,True
self_consumption_ratio,200,200,0,1.0,1.562222271486201e-16,0.9999999999999996,1.0000000000000002,0.9999999999999997,0.9999999999999999,0.9999999999999999,1.0,1.0000000000000002,1.0000000000000002,1.0000000000000002,True
self_sufficiency_ratio,200,200,0,1.0,0.0,1.0,1.0,1.0,1.0,1.0,1.0,1.0,1.0,1.0,True
annual_import_kwh,200,200,0,0.0,0.0,0.0,0.0,0.0,0.0,0.0,0.0,0.0,0.0,0.0,True
annual_export_kwh,200,200,0,14270.79508799198,839.9556460950361,12396.78146857327,16784.60381587287,12982.657642165801,13164.327557712251,13663.492586469372,14268.07073653539,14844.285192269968,15317.057126955304,15673.04647886804,True
