metric,n_total,n_finite,n_missing,mean,std,min,max,p5,p10,p25,p50,p75,p90,p95,percentiles_over_finite_values
NPV_COP,200,200,0,660558452.8814958,554579238.8535075,76338097.22240566,3508062069.1402917,161056024.61434466,208642475.2031008,302815048.2857495,463420417.67277,812722911.5893018,1432128641.6273255,1830614436.0829432,True
payback_years,200,200,0,4.6066666666666665,1.295,2.5,10.166666666666666,3.1666666666666665,3.3333333333333335,3.7291666666666665,4.333333333333333,5.1875,5.916666666666667,6.587499999999999,True
self_consumption_ratio,200,200,0,1.0,1.5641935306571065e-16,0.9999999999999997,1.0000000000000002,0.9999999999999999,0.9999999999999999,0.9999999999999999,1.0,1.0000000000000002,1.0000000000000002,1.0000000000000002,True
self_sufficiency_ratio,200,200,0,1.0,0.0,1.0,1.0,1.0,1.0,1.0,1.0,1.0,1.0,1.0,True
annual_import_kwh,200,200,0,0.0,0.0,0.0,0.0,0.0,0.0,0.0,0.0,0.0,0.0,0.0,True
annual_export_kwh,200,200,0,14386.533927132972,782.4191193092461,11545.220157872582,16542.151267078178,13057.118376658966,13372.410750935203,13855.11805571642,14388.577152491722,14943.476983932185,15309.035622358906,15644.577522068588,True
