HOUR,SOL
0.0,0.0
1.0,0.0
2.0,0.0
3.0,0.0
4.0,0.0
5.0,0.0
6.0,0.0
7.0,0.0340741737
8.0,0.0658262488
9.0,0.0930923738
10.0,0.114014407
11.0,0.127166548
12.0,0.131652498
13.0,0.127166548
14.0,0.114014407
15.0,0.0930923738
16.0,0.0658262488
17.0,0.0340741737
18.0,1.6122781e-17
19.0,0.0
20.0,0.0
21.0,0.0
22.0,0.0
23.0,0.0
